,Efficiency_0_25,Efficiency_0_5,Efficiency_0_75,Efficiency_1_0,Gap_0_25,Gap_0_5,Gap_0_75,Gap_1_0,Improvement_0_25,Improvement_0_5,Improvement_0_75,Improvement_1_0
0,5.714285714285714,12.903225806451612,16.666666666666664,7.547169811320755,16.5,6.75,5.0,12.25,0.9428571428571432,1.6774193548387095,0.8749999999999997,-0.3018867924528302
1,8.695652173913043,1.3513513513513513,0.823045267489712,1.2698412698412698,10.5,73.0,120.5,77.75,-0.2391304347826087,-0.8952702702702703,-0.9506172839506172,-0.926984126984127
2,28.57142857142857,0.9852216748768473,12.903225806451612,0.9389671361502347,2.5,100.5,6.75,105.5,1.4999999999999996,-0.9236453201970444,-0.2258064516129031,-0.9460093896713614
3,0.7952286282306162,1.7699115044247788,0.7547169811320755,5.47945205479452,124.75,55.5,131.5,17.25,-0.9721669980119284,-0.8805309734513274,-0.9547169811320756,-0.8356164383561644
4,4.0,0.7246376811594203,0.9852216748768473,2.5974025974025974,24.0,137.0,100.5,37.5,-0.92,-0.9510869565217392,-0.9630541871921182,-0.922077922077922
5,15.384615384615385,3.6036036036036037,3.10077519379845,3.278688524590164,5.5,26.75,31.25,29.5,-0.6923076923076923,-0.7567567567567567,-0.883720930232558,-0.901639344262295
6,7.2727272727272725,13.793103448275861,8.333333333333332,9.523809523809524,12.75,6.25,11.0,9.5,-0.8545454545454545,-0.0689655172413792,-0.6875000000000001,-0.7142857142857142
7,11.11111111111111,1.4492753623188406,1.5873015873015872,10.256410256410255,8.0,68.0,62.0,8.75,-0.7777777777777777,-0.9239130434782608,-0.9404761904761904,-0.6923076923076923
8,6.557377049180328,0.2680965147453083,0.966183574879227,2.631578947368421,14.25,372.0,102.5,37.0,-0.8688524590163934,-0.9886058981233244,-0.9637681159420288,-0.9210526315789472
9,1.834862385321101,0.6359300476947536,12.5,7.6923076923076925,53.5,156.25,7.0,12.0,-0.963302752293578,-0.972972972972973,-0.53125,-0.7692307692307692
10,0.6379585326953748,7.142857142857142,6.779661016949152,13.793103448275861,155.75,13.0,13.75,6.25,-0.9872408293460926,-0.6964285714285714,-0.8135593220338984,-0.5862068965517241
11,0.40691759918616477,1.520912547528517,1.2539184952978055,4.123711340206185,244.75,64.75,78.75,23.25,-0.9918616480162769,-0.935361216730038,-0.9655172413793104,-0.8762886597938144
12,3.3333333333333335,0.5586592178770949,2.3391812865497075,36.36363636363637,29.0,178.0,41.75,1.75,-0.9333333333333332,-0.9762569832402234,-0.935672514619883,0.0909090909090911
13,2.7586206896551726,0.14508523757707653,0.37629350893697083,80.0,35.25,688.25,264.75,0.25,-0.9448275862068966,-0.9938338774029742,-0.9896519285042332,1.1999999999999995
14,8.88888888888889,12.903225806451612,18.181818181818183,2.0618556701030926,10.25,6.75,4.5,47.5,-0.8222222222222223,-0.4516129032258064,-0.5,-0.9742268041237114
15,2.666666666666667,3.4482758620689653,2.4242424242424243,8.51063829787234,36.5,28.0,40.25,10.75,-0.9466666666666668,-0.853448275862069,-0.9333333333333332,-0.8936170212765958
16,5.128205128205128,2.094240837696335,1.4545454545454546,0.9592326139088728,18.5,46.75,67.75,103.25,-0.8974358974358975,-0.9109947643979056,-0.96,-0.9880095923261392
17,5.128205128205128,8.333333333333332,0.42105263157894735,4.761904761904762,18.5,11.0,236.5,20.0,-0.8974358974358975,-0.6458333333333334,-0.9936842105263158,-0.9404761904761904
18,1.3937282229965158,10.526315789473683,1.9704433497536946,1.08991825613079,70.75,8.5,49.75,90.75,-0.9721254355400696,-0.5526315789473685,-0.9704433497536946,-0.9863760217983653
19,2.941176470588235,10.526315789473683,1.7777777777777777,28.57142857142857,33.0,8.5,55.25,2.5,-0.9411764705882354,-0.5526315789473685,-0.9733333333333334,-0.6428571428571429
20,2.366863905325444,11.428571428571429,0.5031446540880503,0.6700167504187605,41.25,7.75,197.75,148.25,-0.9526627218934912,-0.5142857142857142,-0.9924528301886792,-0.9916247906197654
21,8.695652173913043,2.2598870056497176,2.030456852791878,23.52941176470588,10.5,43.25,48.25,3.25,-0.826086956521739,-0.903954802259887,-0.969543147208122,-0.7058823529411764
22,3.669724770642202,0.591715976331361,4.878048780487805,8.51063829787234,26.25,168.0,19.5,10.75,-0.926605504587156,-0.9748520710059172,-0.926829268292683,-0.8936170212765958
23,11.11111111111111,6.896551724137931,4.395604395604396,2.941176470588235,8.0,13.5,21.75,33.0,-0.7777777777777777,-0.7068965517241379,-0.934065934065934,-0.9632352941176472
24,2.8368794326241136,4.938271604938271,17.391304347826086,0.7130124777183601,34.25,19.25,4.75,139.25,-0.9432624113475176,-0.7901234567901234,-0.7391304347826086,-0.9910873440285204
25,21.052631578947366,0.3469210754553339,5.714285714285714,0.9259259259259258,3.75,287.25,16.5,107.0,-0.5789473684210527,-0.9852558542931484,-0.9142857142857144,-0.988425925925926
26,9.523809523809524,7.8431372549019605,5.263157894736842,2.7777777777777777,9.5,11.75,18.0,35.0,-0.8095238095238095,-0.6666666666666666,-0.9210526315789472,-0.965277777777778
27,3.8461538461538463,5.714285714285714,36.36363636363637,6.451612903225806,25.0,16.5,1.75,14.5,-0.923076923076923,-0.7571428571428571,-0.4545454545454544,-0.9193548387096774
28,2.4242424242424243,0.6504065040650406,17.391304347826086,0.9237875288683602,40.25,152.75,4.75,107.25,-0.9515151515151516,-0.9723577235772356,-0.7391304347826086,-0.9884526558891455
29,1.5151515151515151,17.391304347826086,9.30232558139535,0.9592326139088728,65.0,4.75,9.75,103.25,-0.9696969696969696,-0.2608695652173913,-0.8604651162790697,-0.9880095923261392
30,8.88888888888889,0.2609262883235486,1.2121212121212122,8.0,10.25,382.25,81.5,11.5,-0.8222222222222223,-0.9889106327462492,-0.9818181818181816,-0.9
31,5.194805194805195,4.2105263157894735,3.5398230088495577,7.2727272727272725,18.25,22.75,27.25,12.75,-0.8961038961038961,-0.8210526315789474,-0.9469026548672566,-0.9090909090909092
32,1.0582010582010581,2.4691358024691357,0.16891891891891891,1.1299435028248588,93.5,39.5,591.0,87.5,-0.9788359788359788,-0.8950617283950617,-0.9974662162162162,-0.9858757062146892
33,13.333333333333334,3.5398230088495577,6.349206349206349,0.16549441456350847,6.5,27.25,14.75,603.25,-0.7333333333333333,-0.8495575221238939,-0.9047619047619048,-0.997931319817956
34,4.938271604938271,8.51063829787234,15.384615384615385,0.16549441456350847,19.25,10.75,5.5,603.25,-0.9012345679012346,-0.6382978723404255,-0.7692307692307692,-0.997931319817956
35,4.938271604938271,2.8368794326241136,0.5934718100890208,23.52941176470588,19.25,34.25,167.5,3.25,-0.9012345679012346,-0.8794326241134752,-0.9910979228486646,-0.7058823529411764
36,18.181818181818183,2.8368794326241136,1.4598540145985401,10.526315789473683,4.5,34.25,67.5,8.5,-0.6363636363636364,-0.8794326241134752,-0.978102189781022,-0.868421052631579
37,1.0282776349614395,36.36363636363637,10.0,12.903225806451612,96.25,1.75,9.0,6.75,-0.9794344473007712,0.5454545454545457,-0.85,-0.8387096774193548
38,1.6,10.256410256410255,0.8547008547008548,17.391304347826086,61.5,8.75,116.0,4.75,-0.968,-0.717948717948718,-0.9871794871794872,-0.782608695652174
39,0.5997001499250375,2.0202020202020203,0.8547008547008548,7.017543859649122,165.75,48.5,116.0,13.25,-0.9880059970014992,-0.9444444444444444,-0.9871794871794872,-0.912280701754386
40,3.361344537815126,1.1594202898550725,0.5988023952095809,0.3067484662576687,28.75,85.25,166.0,325.0,-0.9327731092436974,-0.9681159420289857,-0.9910179640718564,-0.9961656441717792
41,3.361344537815126,11.76470588235294,12.5,3.9603960396039604,28.75,7.5,7.0,24.25,-0.9327731092436974,-0.6764705882352942,-0.8125,-0.9504950495049505
42,8.16326530612245,11.76470588235294,0.30257186081694404,18.181818181818183,11.25,7.5,329.5,4.5,-0.8367346938775511,-0.6764705882352942,-0.995461422087746,-0.7727272727272727
43,2.7027027027027026,11.76470588235294,0.4273504273504274,2.0,36.0,7.5,233.0,49.0,-0.945945945945946,-0.6764705882352942,-0.9935897435897436,-0.975
44,2.7027027027027026,1.3986013986013985,0.5427408412483039,0.5805515239477503,36.0,70.5,183.25,171.25,-0.945945945945946,-0.9615384615384616,-0.9918588873812756,-0.9927431059506532
45,2.7027027027027026,4.444444444444445,4.651162790697675,0.5805515239477503,36.0,21.5,20.5,171.25,-0.945945945945946,-0.8777777777777779,-0.9302325581395348,-0.9927431059506532
46,0.0980872976949485,4.444444444444445,9.523809523809524,0.5805515239477503,1018.5,21.5,9.5,171.25,-0.9980382540461012,-0.8777777777777779,-0.8571428571428571,-0.9927431059506532
47,10.526315789473683,0.10362694300518134,8.88888888888889,0.03825920612147298,8.5,964.0,10.25,2612.75,-0.7894736842105263,-0.9971502590673575,-0.8666666666666667,-0.9995217599234816
48,2.3952095808383236,0.10362694300518134,2.1505376344086025,0.03825920612147298,40.75,964.0,45.5,2612.75,-0.9520958083832336,-0.9971502590673575,-0.9677419354838708,-0.9995217599234816
49,3.8461538461538463,2.7586206896551726,0.09562514941429597,36.36363636363637,25.0,35.25,1044.75,1.75,-0.923076923076923,-0.9241379310344828,-0.9985656227587856,-0.5454545454545454
50,3.8461538461538463,1.0362694300518136,15.384615384615385,50.0,25.0,95.5,5.5,1.0,-0.923076923076923,-0.9715025906735753,-0.7692307692307692,-0.375
51,0.9216589861751152,3.9215686274509802,2.4691358024691357,28.57142857142857,107.5,24.5,39.5,2.5,-0.9815668202764976,-0.8921568627450981,-0.9629629629629628,-0.6428571428571429
52,3.9603960396039604,5.88235294117647,9.090909090909092,28.57142857142857,24.25,16.0,10.0,2.5,-0.9207920792079208,-0.8382352941176471,-0.8636363636363635,-0.6428571428571429
53,21.052631578947366,5.88235294117647,2.185792349726776,5.063291139240507,3.75,16.0,44.75,18.75,-0.5789473684210527,-0.8382352941176471,-0.9672131147540982,-0.9367088607594936
54,1.3071895424836601,5.88235294117647,0.06854009595613435,50.0,75.5,16.0,1458.0,1.0,-0.9738562091503268,-0.8382352941176471,-0.998971898560658,-0.375
55,6.25,17.391304347826086,0.09216589861751152,50.0,15.0,4.75,1084.0,1.0,-0.875,-0.5217391304347827,-0.9986175115207374,-0.375
56,0.8064516129032258,17.391304347826086,0.22111663902708678,0.06069802731411229,123.0,4.75,451.25,1646.5,-0.9838709677419356,-0.5217391304347827,-0.9966832504145936,-0.9992412746585736
57,0.8528784648187633,0.5532503457814661,1.0810810810810811,0.7155635062611807,116.25,179.75,91.5,138.75,-0.9829424307036247,-0.9847856154910096,-0.9837837837837838,-0.9910554561717352
58,1.4981273408239701,0.5532503457814661,15.384615384615385,0.11277135607555681,65.75,179.75,5.5,885.75,-0.9700374531835206,-0.9847856154910096,-0.7692307692307692,-0.9985903580490556
59,1.4981273408239701,0.7751937984496124,7.6923076923076925,17.391304347826086,65.75,128.0,12.0,4.75,-0.9700374531835206,-0.9786821705426356,-0.8846153846153846,-0.782608695652174
60,4.597701149425287,0.025575447570332477,0.7518796992481203,0.23201856148491878,20.75,3909.0,132.0,430.0,-0.908045977011494,-0.999296675191816,-0.9887218045112782,-0.9970997679814384
61,1.3333333333333335,7.142857142857142,0.7518796992481203,1.1111111111111112,74.0,13.0,132.0,89.0,-0.9733333333333332,-0.8035714285714286,-0.9887218045112782,-0.986111111111111
62,9.75609756097561,0.81799591002045,0.4232804232804233,4.081632653061225,9.25,121.25,235.25,23.5,-0.8048780487804877,-0.9775051124744376,-0.9936507936507938,-0.9489795918367347
63,6.779661016949152,1.1299435028248588,1.1764705882352942,1.0582010582010581,13.75,87.5,84.0,93.5,-0.864406779661017,-0.9689265536723164,-0.9823529411764708,-0.9867724867724867
64,2.8169014084507045,0.27797081306462823,0.9852216748768473,0.3386960203217612,34.5,358.75,100.5,294.25,-0.943661971830986,-0.9923558026407228,-0.9852216748768472,-0.995766299745978
65,2.8169014084507045,0.27797081306462823,19.047619047619047,5.797101449275362,34.5,358.75,4.25,16.25,-0.943661971830986,-0.9923558026407228,-0.7142857142857142,-0.927536231884058
66,9.30232558139535,5.88235294117647,4.819277108433735,6.0606060606060606,9.75,16.0,19.75,15.5,-0.813953488372093,-0.8382352941176471,-0.927710843373494,-0.9242424242424242
67,0.27643400138217,5.88235294117647,22.22222222222222,6.0606060606060606,360.75,16.0,3.5,15.5,-0.9944713199723566,-0.8382352941176471,-0.6666666666666666,-0.9242424242424242
68,4.597701149425287,7.6923076923076925,0.23161551823972204,0.6230529595015576,20.75,12.0,430.75,159.5,-0.908045977011494,-0.7884615384615384,-0.9965257672264042,-0.9922118380062304
69,0.11584129742253113,0.4206098843322818,4.651162790697675,0.6230529595015576,862.25,236.75,20.5,159.5,-0.9976831740515492,-0.9884332281808624,-0.9302325581395348,-0.9922118380062304
70,0.11584129742253113,0.7155635062611807,11.76470588235294,0.047058823529411764,862.25,138.75,7.5,2124.0,-0.9976831740515492,-0.9803220035778174,-0.8235294117647058,-0.9994117647058824
71,2.094240837696335,0.11451474377326079,3.9603960396039604,4.2105263157894735,46.75,872.25,24.25,22.75,-0.9581151832460734,-0.9968508445462352,-0.9405940594059404,-0.9473684210526316
72,0.9546539379474941,16.0,6.666666666666667,1.0075566750629723,103.75,5.25,14.0,98.25,-0.9809069212410502,-0.56,-0.9,-0.9874055415617128
73,4.444444444444445,28.57142857142857,6.666666666666667,0.6666666666666667,21.5,2.5,14.0,149.0,-0.9111111111111112,-0.2142857142857144,-0.9,-0.9916666666666666
74,4.705882352941177,0.6756756756756757,6.666666666666667,3.3057851239669422,20.25,147.0,14.0,29.25,-0.9058823529411764,-0.9814189189189187,-0.9,-0.9586776859504132
75,4.705882352941177,16.0,0.8333333333333334,3.3057851239669422,20.25,5.25,119.0,29.25,-0.9058823529411764,-0.56,-0.9875,-0.9586776859504132
76,0.3125,11.428571428571429,5.128205128205128,4.819277108433735,319.0,7.75,18.5,19.75,-0.99375,-0.6857142857142857,-0.9230769230769232,-0.9397590361445782
77,0.631911532385466,11.428571428571429,5.128205128205128,4.819277108433735,157.25,7.75,18.5,19.75,-0.9873617693522908,-0.6857142857142857,-0.9230769230769232,-0.9397590361445782
78,0.631911532385466,4.0,5.128205128205128,4.819277108433735,157.25,24.0,18.5,19.75,-0.9873617693522908,-0.89,-0.9230769230769232,-0.9397590361445782
79,0.631911532385466,0.2967359050445104,2.3952095808383236,0.5069708491761723,157.25,336.0,40.75,196.25,-0.9873617693522908,-0.991839762611276,-0.9640718562874252,-0.9936628643852978
80,15.384615384615385,1.3468013468013467,2.3952095808383236,13.793103448275861,5.5,73.25,40.75,6.25,-0.6923076923076923,-0.9629629629629628,-0.9640718562874252,-0.8275862068965518
81,15.384615384615385,1.3468013468013467,0.02985520226899537,0.13726835964310227,5.5,73.25,3348.5,727.5,-0.6923076923076923,-0.9629629629629628,-0.9995521719659652,-0.9982841455044612
82,2.484472049689441,1.3468013468013467,0.02985520226899537,0.13726835964310227,39.25,73.25,3348.5,727.5,-0.9503105590062112,-0.9629629629629628,-0.9995521719659652,-0.9982841455044612
83,0.11883541295306002,1.6736401673640167,2.9629629629629632,0.5270092226613966,840.5,58.75,32.75,188.75,-0.9976232917409388,-0.9539748953974896,-0.9555555555555556,-0.9934123847167328
84,0.11883541295306002,1.6736401673640167,1.1204481792717087,80.0,840.5,58.75,88.25,0.25,-0.9976232917409388,-0.9539748953974896,-0.9831932773109244,0.0
85,0.11883541295306002,1.36986301369863,10.526315789473683,80.0,840.5,72.0,8.5,0.25,-0.9976232917409388,-0.9623287671232876,-0.8421052631578947,0.0
86,0.5012531328320802,1.36986301369863,0.2466091245376079,0.02938583602703497,198.5,72.0,404.5,3402.0,-0.9899749373433584,-0.9623287671232876,-0.9963008631319358,-0.999632677049662
87,0.6309148264984227,1.36986301369863,0.2466091245376079,0.02938583602703497,157.5,72.0,404.5,3402.0,-0.9873817034700316,-0.9623287671232876,-0.9963008631319358,-0.999632677049662
88,1.951219512195122,17.391304347826086,1.1111111111111112,0.02938583602703497,50.25,4.75,89.0,3402.0,-0.9609756097560976,-0.5217391304347827,-0.9833333333333332,-0.999632677049662
89,2.8169014084507045,17.391304347826086,1.25,13.793103448275861,34.5,4.75,79.0,6.25,-0.943661971830986,-0.5217391304347827,-0.98125,-0.8275862068965518
90,0.7827788649706457,17.391304347826086,1.834862385321101,1.486988847583643,126.75,4.75,53.5,66.25,-0.9843444227005872,-0.5217391304347827,-0.9724770642201834,-0.9814126394052044
91,0.7827788649706457,11.11111111111111,3.2,1.486988847583643,126.75,8.0,30.25,66.25,-0.9843444227005872,-0.6944444444444445,-0.952,-0.9814126394052044
92,17.391304347826086,11.11111111111111,3.2,1.486988847583643,4.75,8.0,30.25,66.25,-0.6521739130434783,-0.6944444444444445,-0.952,-0.9814126394052044
93,17.391304347826086,11.11111111111111,0.031271988116644514,1.486988847583643,4.75,8.0,3196.75,66.25,-0.6521739130434783,-0.6944444444444445,-0.9995309201782504,-0.9814126394052044
94,17.391304347826086,1.3333333333333335,0.031271988116644514,0.4459308807134894,4.75,74.0,3196.75,223.25,-0.6521739130434783,-0.9633333333333332,-0.9995309201782504,-0.9944258639910812
95,0.03027092477675193,13.793103448275861,0.031271988116644514,1.2944983818770228,3302.5,6.25,3196.75,76.25,-0.999394581504465,-0.6206896551724138,-0.9995309201782504,-0.9838187702265372
96,0.13119055428009183,0.45610034207525657,0.031271988116644514,2.3529411764705883,761.25,218.25,3196.75,41.5,-0.9973761889143984,-0.9874572405929304,-0.9995309201782504,-0.9705882352941176
97,3.9215686274509802,0.45610034207525657,2.5,0.035078488117162146,24.5,218.25,39.0,2849.75,-0.9215686274509804,-0.9874572405929304,-0.9625,-0.9995615188985354
98,3.9215686274509802,0.45610034207525657,3.6036036036036037,0.035078488117162146,24.5,218.25,26.75,2849.75,-0.9215686274509804,-0.9874572405929304,-0.945945945945946,-0.9995615188985354
99,3.9215686274509802,0.45610034207525657,3.6036036036036037,0.035078488117162146,24.5,218.25,26.75,2849.75,-0.9215686274509804,-0.9874572405929304,-0.945945945945946,-0.9995615188985354
100,0.102880658436214,16.0,3.6036036036036037,36.36363636363637,971.0,5.25,26.75,1.75,-0.9979423868312758,-0.56,-0.945945945945946,-0.5454545454545454
101,0.102880658436214,16.0,0.031075201988812924,36.36363636363637,971.0,5.25,3217.0,1.75,-0.9979423868312758,-0.56,-0.999533871970168,-0.5454545454545454
102,3.278688524590164,16.0,0.031075201988812924,36.36363636363637,29.5,5.25,3217.0,1.75,-0.9344262295081966,-0.56,-0.999533871970168,-0.5454545454545454
103,3.278688524590164,0.2559181062060141,0.2437538086532602,0.019083059014360002,29.5,389.75,409.25,5239.25,-0.9344262295081966,-0.9929622520793344,-0.996343692870201,-0.9997614617623204
104,3.278688524590164,7.017543859649122,0.2437538086532602,0.026281208935611037,29.5,13.25,409.25,3804.0,-0.9344262295081966,-0.8070175438596491,-0.996343692870201,-0.9996714848883048
105,0.0373238779509191,7.017543859649122,1.0610079575596816,10.256410256410255,2678.25,13.25,93.25,8.75,-0.9992535224409816,-0.8070175438596491,-0.9840848806366048,-0.8717948717948719
106,0.44692737430167595,7.017543859649122,3.3057851239669422,10.256410256410255,222.75,13.25,29.25,8.75,-0.9910614525139664,-0.8070175438596491,-0.9504132231404958,-0.8717948717948719
107,3.1746031746031744,11.428571428571429,0.15503875968992248,1.0752688172043012,30.5,7.75,644.0,92.0,-0.9365079365079364,-0.6857142857142857,-0.9976744186046512,-0.9865591397849462
108,3.1746031746031744,11.428571428571429,0.15503875968992248,1.0752688172043012,30.5,7.75,644.0,92.0,-0.9365079365079364,-0.6857142857142857,-0.9976744186046512,-0.9865591397849462
109,3.1746031746031744,11.428571428571429,0.15503875968992248,1.0752688172043012,30.5,7.75,644.0,92.0,-0.9365079365079364,-0.6857142857142857,-0.9976744186046512,-0.9865591397849462
110,3.1746031746031744,11.428571428571429,0.02867383512544803,1.0752688172043012,30.5,7.75,3486.5,92.0,-0.9365079365079364,-0.6857142857142857,-0.9995698924731184,-0.9865591397849462
111,3.1746031746031744,2.631578947368421,0.02867383512544803,1.0752688172043012,30.5,37.0,3486.5,92.0,-0.9365079365079364,-0.9276315789473684,-0.9995698924731184,-0.9865591397849462
112,0.8146639511201629,2.631578947368421,0.4314994606256742,1.0752688172043012,121.75,37.0,230.75,92.0,-0.9837067209775968,-0.9276315789473684,-0.9935275080906149,-0.9865591397849462
113,0.8146639511201629,2.631578947368421,1.1869436201780417,3.669724770642202,121.75,37.0,83.25,26.25,-0.9837067209775968,-0.9276315789473684,-0.9821958456973292,-0.9541284403669724
114,0.6944444444444444,2.631578947368421,22.22222222222222,3.669724770642202,143.0,37.0,3.5,26.25,-0.9861111111111112,-0.9276315789473684,-0.6666666666666666,-0.9541284403669724
115,0.6944444444444444,2.631578947368421,22.22222222222222,3.669724770642202,143.0,37.0,3.5,26.25,-0.9861111111111112,-0.9276315789473684,-0.6666666666666666,-0.9541284403669724
116,0.6944444444444444,3.0303030303030303,0.33472803347280333,3.669724770642202,143.0,32.0,297.75,26.25,-0.9861111111111112,-0.9166666666666666,-0.994979079497908,-0.9541284403669724
117,0.6944444444444444,0.6191950464396285,0.33472803347280333,2.5316455696202533,143.0,160.5,297.75,38.5,-0.9861111111111112,-0.9829721362229102,-0.994979079497908,-0.9683544303797468
118,6.451612903225806,5.88235294117647,1.0638297872340425,2.5316455696202533,14.5,16.0,93.0,38.5,-0.8709677419354839,-0.8382352941176471,-0.9840425531914894,-0.9683544303797468
119,6.451612903225806,7.8431372549019605,2.857142857142857,12.5,14.5,11.75,34.0,7.0,-0.8709677419354839,-0.7843137254901961,-0.9571428571428572,-0.84375
120,0.17167381974248927,1.1730205278592376,2.857142857142857,0.1948368241597662,581.5,84.25,34.0,512.25,-0.9965665236051504,-0.967741935483871,-0.9571428571428572,-0.997564539698003
121,2.1621621621621623,0.8146639511201629,0.5856515373352855,0.2552648372686663,45.25,121.75,169.75,390.75,-0.9567567567567568,-0.9775967413441956,-0.9912152269399708,-0.9968091895341415
122,2.547770700636943,0.8146639511201629,1.4598540145985401,0.18674136321195145,38.25,121.75,67.5,534.5,-0.949044585987261,-0.9775967413441956,-0.978102189781022,-0.9976657329598506
123,0.07146685724495265,0.8146639511201629,3.0534351145038165,3.10077519379845,1398.25,121.75,31.75,31.25,-0.998570662855101,-0.9775967413441956,-0.9541984732824428,-0.9612403100775192
124,0.07146685724495265,0.8565310492505354,13.333333333333334,3.5398230088495577,1398.25,115.75,6.5,27.25,-0.998570662855101,-0.9764453961456104,-0.7999999999999999,-0.9557522123893806
125,0.07146685724495265,0.8565310492505354,13.333333333333334,3.361344537815126,1398.25,115.75,6.5,28.75,-0.998570662855101,-0.9764453961456104,-0.7999999999999999,-0.9579831932773109
126,0.021754500462283135,0.8565310492505354,13.333333333333334,3.361344537815126,4595.75,115.75,6.5,28.75,-0.9995649099907544,-0.9764453961456104,-0.7999999999999999,-0.9579831932773109
127,0.28551034975017847,4.25531914893617,13.333333333333334,3.361344537815126,349.25,22.5,6.5,28.75,-0.9942897930049964,-0.8829787234042552,-0.7999999999999999,-0.9579831932773109
128,0.28551034975017847,0.13788348845225784,0.5865102639296188,8.695652173913043,349.25,724.25,169.5,10.5,-0.9942897930049964,-0.9962082040675628,-0.9912023460410556,-0.8913043478260869
129,0.28551034975017847,0.13788348845225784,0.18709073900841908,8.0,349.25,724.25,533.5,11.5,-0.9942897930049964,-0.9962082040675628,-0.9971936389148736,-0.9
130,0.019387359441644048,0.24129610479145122,1.1111111111111112,8.0,5157.0,724.25,89.0,11.5,-0.9996122528111672,-0.9962082040675628,-0.9833333333333332,-0.9
131,0.019387359441644048,1.2411347517730498,1.1111111111111112,0.1422475106685633,5157.0,79.57142857142857,89.0,702.0,-0.9996122528111672,-0.9804964539007092,-0.9833333333333332,-0.9982219061166429
132,3.7383177570093453,1.2411347517730498,1.1111111111111112,4.819277108433735,25.75,79.57142857142857,89.0,19.75,-0.9252336448598132,-0.9804964539007092,-0.9833333333333332,-0.9397590361445782
133,3.7383177570093453,1.4184397163120568,0.07472445357743321,4.819277108433735,25.75,79.57142857142857,1337.25,19.75,-0.9252336448598132,-0.9804964539007092,-0.9988791331963384,-0.9397590361445782
134,0.9345794392523363,1.4184397163120568,0.07472445357743321,0.17825311942959002,106.0,79.57142857142857,1337.25,560.0,-0.9813084112149532,-0.9804964539007092,-0.9988791331963384,-0.9977718360071302
135,0.9345794392523363,4.938271604938271,11.428571428571429,0.6932409012131715,106.0,19.25,7.75,143.25,-0.9813084112149532,-0.9320987654320988,-0.8285714285714285,-0.9913344887348352
136,19.047619047619047,4.938271604938271,11.428571428571429,0.6932409012131715,4.25,19.25,7.75,143.25,-0.6190476190476191,-0.9320987654320988,-0.8285714285714285,-0.9913344887348352
137,19.047619047619047,0.4052684903748734,0.05862523816503004,0.6932409012131715,4.25,245.75,1704.75,143.25,-0.6190476190476191,-0.9944275582573454,-0.9991206214275244,-0.9913344887348352
138,0.01773049645390071,1.8648018648018647,0.05862523816503004,0.4784688995215311,5639.0,52.625,1704.75,208.0,-0.999645390070922,-0.9743589743589745,-0.9991206214275244,-0.9940191387559808
139,0.01773049645390071,0.08513355326167926,0.05862523816503004,0.4784688995215311,5639.0,1173.625,1704.75,208.0,-0.999645390070922,-0.998829413642652,-0.9991206214275244,-0.9940191387559808
140,0.04620538292711101,0.08513355326167926,0.05862523816503004,0.4784688995215311,2163.25,1173.625,1704.75,208.0,-0.9990758923414578,-0.998829413642652,-0.9991206214275244,-0.9940191387559808
141,0.04620538292711101,0.3448275862068966,11.11111111111111,0.4784688995215311,2163.25,289.0,8.0,208.0,-0.9990758923414578,-0.9952586206896552,-0.8333333333333333,-0.9940191387559808
142,0.04620538292711101,1.1851851851851851,11.11111111111111,2.9850746268656714,2163.25,83.375,8.0,32.5,-0.9990758923414578,-0.9837037037037036,-0.8333333333333333,-0.9626865671641792
143,0.138217000691085,1.6064257028112447,11.11111111111111,2.1739130434782608,722.5,61.25,8.0,45.0,-0.9972356599861782,-0.9779116465863452,-0.8333333333333333,-0.9728260869565216
144,0.138217000691085,9.75609756097561,0.014228799089356859,2.1739130434782608,722.5,9.25,7027.0,45.0,-0.9972356599861782,-0.8658536585365854,-0.9997865680136596,-0.9728260869565216
145,2.2598870056497176,0.03773762913344969,0.014228799089356859,0.21621621621621623,43.25,2648.875,7027.0,461.5,-0.9548022598870056,-0.9994811075994152,-0.9997865680136596,-0.9972972972972972
146,0.4140786749482402,0.11001100110011,0.014228799089356859,3.278688524590164,240.5,908.0,7027.0,29.5,-0.9917184265010353,-0.9984873487348735,-0.9997865680136596,-0.9590163934426228
147,0.7547169811320755,0.11001100110011,0.16992353440951571,3.278688524590164,131.5,908.0,587.5,29.5,-0.9849056603773584,-0.9984873487348735,-0.9974511469838572,-0.9590163934426228
148,0.7547169811320755,0.8421052631578947,1.0309278350515463,3.278688524590164,131.5,117.75,96.0,29.5,-0.9849056603773584,-0.988421052631579,-0.9845360824742267,-0.9590163934426228
149,0.7547169811320755,9.090909090909092,1.0309278350515463,3.278688524590164,131.5,10.0,96.0,29.5,-0.9849056603773584,-0.875,-0.9845360824742267,-0.9590163934426228
150,6.557377049180328,40.0,0.021346995410395985,3.278688524590164,14.25,1.5,4683.5,29.5,-0.8688524590163934,-0.45,-0.999679795068844,-0.9590163934426228
151,6.557377049180328,40.0,0.021346995410395985,5.970149253731343,14.25,1.5,4683.5,15.75,-0.8688524590163934,-0.45,-0.999679795068844,-0.9253731343283584
152,10.256410256410255,40.0,0.021346995410395985,5.970149253731343,8.75,1.5,4683.5,15.75,-0.7948717948717949,-0.45,-0.999679795068844,-0.9253731343283584
153,10.256410256410255,2.3529411764705883,0.021346995410395985,5.970149253731343,8.75,41.5,4683.5,15.75,-0.7948717948717949,-0.9676470588235292,-0.999679795068844,-0.9253731343283584
154,36.36363636363637,2.3529411764705883,0.021346995410395985,5.970149253731343,1.75,41.5,4683.5,15.75,-0.2727272727272726,-0.9676470588235292,-0.999679795068844,-0.9253731343283584
155,1.2048192771084338,2.3529411764705883,0.021346995410395985,11.428571428571429,82.0,41.5,4683.5,7.75,-0.9759036144578314,-0.9676470588235292,-0.999679795068844,-0.8571428571428571
156,1.2048192771084338,2.3529411764705883,0.021346995410395985,11.428571428571429,82.0,41.5,4683.5,7.75,-0.9759036144578314,-0.9676470588235292,-0.999679795068844,-0.8571428571428571
157,1.2048192771084338,2.3529411764705883,0.021346995410395985,11.428571428571429,82.0,41.5,4683.5,7.75,-0.9759036144578314,-0.9676470588235292,-0.999679795068844,-0.8571428571428571
158,0.035826242722794444,2.3529411764705883,0.021346995410395985,11.428571428571429,2790.25,41.5,4683.5,7.75,-0.9992834751455442,-0.9676470588235292,-0.999679795068844,-0.8571428571428571
159,0.035826242722794444,2.3529411764705883,0.021346995410395985,11.428571428571429,2790.25,41.5,4683.5,7.75,-0.9992834751455442,-0.9676470588235292,-0.999679795068844,-0.8571428571428571
160,10.81081081081081,1.008827238335435,0.02904443799012489,2.4390243902439024,8.25,98.125,3442.0,40.0,-0.7837837837837839,-0.9861286254728878,-0.9995643334301482,-0.9695121951219512
161,28.57142857142857,2.3054755043227666,0.02904443799012489,2.4390243902439024,2.5,42.375,3442.0,40.0,-0.4285714285714286,-0.9682997118155618,-0.9995643334301482,-0.9695121951219512
162,28.57142857142857,0.23605783416937148,10.0,7.547169811320755,2.5,422.625,9.0,12.25,-0.4285714285714286,-0.9967542047801712,-0.85,-0.9056603773584906
163,28.57142857142857,0.23605783416937148,10.0,7.547169811320755,2.5,422.625,9.0,12.25,-0.4285714285714286,-0.9967542047801712,-0.85,-0.9056603773584906
164,28.57142857142857,0.23605783416937148,10.0,7.547169811320755,2.5,422.625,9.0,12.25,-0.4285714285714286,-0.9967542047801712,-0.85,-0.9056603773584906
165,0.2359882005899705,0.23605783416937148,10.0,8.88888888888889,422.75,422.625,9.0,10.25,-0.9952802359882006,-0.9967542047801712,-0.85,-0.888888888888889
166,80.0,0.23605783416937148,10.0,8.88888888888889,0.25,422.625,9.0,10.25,0.6,-0.9967542047801712,-0.85,-0.888888888888889
167,10.526315789473683,0.23605783416937148,10.0,11.76470588235294,8.5,422.625,9.0,7.5,-0.868421052631579,-0.9967542047801712,-0.85,-0.8529411764705882
168,10.526315789473683,0.8447729672650475,10.0,2.4242424242424243,8.5,117.375,9.0,40.25,-0.868421052631579,-0.9883843717001056,-0.85,-0.9696969696969696
169,10.526315789473683,12.121212121212121,10.0,2.4242424242424243,8.5,7.25,9.0,40.25,-0.868421052631579,-0.8333333333333333,-0.85,-0.9696969696969696
170,10.526315789473683,0.24457352491592785,10.0,1.1204481792717087,8.5,407.875,9.0,88.25,-0.868421052631579,-0.996637114032406,-0.85,-0.9859943977591036
171,10.526315789473683,8.16326530612245,10.0,8.16326530612245,8.5,11.25,9.0,11.25,-0.868421052631579,-0.8877551020408163,-0.85,-0.8979591836734693
172,10.526315789473683,1.4705882352941175,10.0,0.1387443635102324,8.5,67.0,9.0,719.75,-0.868421052631579,-0.979779411764706,-0.85,-0.9982656954561222
173,0.4878048780487805,12.307692307692308,10.0,5.47945205479452,204.0,7.125,9.0,17.25,-0.9939024390243902,-0.8307692307692308,-0.85,-0.9315068493150684
174,10.526315789473683,12.307692307692308,0.20964360587002098,5.47945205479452,8.5,7.125,476.0,17.25,-0.868421052631579,-0.8307692307692308,-0.9968553459119496,-0.9315068493150684
175,14.285714285714285,12.307692307692308,0.20964360587002098,5.47945205479452,6.0,7.125,476.0,17.25,-0.8214285714285715,-0.8307692307692308,-0.9968553459119496,-0.9315068493150684
176,14.285714285714285,12.307692307692308,0.20964360587002098,5.47945205479452,6.0,7.125,476.0,17.25,-0.8214285714285715,-0.8307692307692308,-0.9968553459119496,-0.9315068493150684
177,14.285714285714285,2.484472049689441,0.20964360587002098,5.47945205479452,6.0,39.25,476.0,17.25,-0.8214285714285715,-0.9658385093167702,-0.9968553459119496,-0.9315068493150684
178,14.285714285714285,2.484472049689441,0.20964360587002098,5.47945205479452,6.0,39.25,476.0,17.25,-0.8214285714285715,-0.9658385093167702,-0.9968553459119496,-0.9315068493150684
179,4.878048780487805,2.484472049689441,0.20964360587002098,0.024151672503320853,19.5,39.25,476.0,4139.5,-0.9390243902439024,-0.9658385093167702,-0.9968553459119496,-0.9996981040937084
180,4.878048780487805,2.484472049689441,0.20964360587002098,0.024151672503320853,19.5,39.25,476.0,4139.5,-0.9390243902439024,-0.9658385093167702,-0.9968553459119496,-0.9996981040937084
181,4.878048780487805,2.484472049689441,0.36968576709796674,0.024151672503320853,19.5,39.25,269.5,4139.5,-0.9390243902439024,-0.9658385093167702,-0.9944547134935304,-0.9996981040937084
182,4.878048780487805,2.484472049689441,0.36968576709796674,0.024151672503320853,19.5,39.25,269.5,4139.5,-0.9390243902439024,-0.9658385093167702,-0.9944547134935304,-0.9996981040937084
183,4.878048780487805,0.03660992128866923,0.36968576709796674,0.024151672503320853,19.5,2730.5,269.5,4139.5,-0.9390243902439024,-0.9994966135822808,-0.9944547134935304,-0.9996981040937084
184,4.878048780487805,11.428571428571429,0.36968576709796674,0.024151672503320853,19.5,7.75,269.5,4139.5,-0.9390243902439024,-0.8428571428571429,-0.9944547134935304,-0.9996981040937084
185,0.0787246604999016,0.7036059806508356,0.11986814504045551,0.04786979415988511,1269.25,141.125,833.25,2088.0,-0.9990159417437512,-0.990325417766051,-0.9982019778243932,-0.9994016275730015
186,0.0787246604999016,6.6115702479338845,0.11986814504045551,0.04786979415988511,1269.25,14.125,833.25,2088.0,-0.9990159417437512,-0.9090909090909092,-0.9982019778243932,-0.9994016275730015
187,3.669724770642202,15.686274509803921,0.11986814504045551,0.20130850528434827,26.25,5.375,833.25,495.75,-0.9541284403669724,-0.7843137254901961,-0.9982019778243932,-0.9974836436839456
188,3.669724770642202,15.686274509803921,0.11986814504045551,10.0,26.25,5.375,833.25,9.0,-0.9541284403669724,-0.7843137254901961,-0.9982019778243932,-0.875
189,0.07998400319936012,1.4492753623188406,0.11986814504045551,10.0,1249.25,68.0,833.25,9.0,-0.999000199960008,-0.980072463768116,-0.9982019778243932,-0.875
190,0.07998400319936012,4.624277456647398,0.11986814504045551,0.9216589861751152,1249.25,20.625,833.25,107.5,-0.999000199960008,-0.9364161849710984,-0.9982019778243932,-0.988479262672811
191,1.5873015873015872,4.624277456647398,0.11986814504045551,0.9216589861751152,62.0,20.625,833.25,107.5,-0.9801587301587302,-0.9364161849710984,-0.9982019778243932,-0.988479262672811
192,2.1052631578947367,4.624277456647398,0.11986814504045551,0.9216589861751152,46.5,20.625,833.25,107.5,-0.9736842105263156,-0.9364161849710984,-0.9982019778243932,-0.988479262672811
193,2.1052631578947367,2.21606648199446,0.015109734446417104,0.9216589861751152,46.5,44.125,6617.25,107.5,-0.9736842105263156,-0.969529085872576,-0.9997733539833038,-0.988479262672811
194,2.1052631578947367,2.21606648199446,0.0316681181220806,0.01971608832807571,46.5,44.125,3156.75,5071.0,-0.9736842105263156,-0.969529085872576,-0.9995249782281688,-0.999753548895899
195,2.1052631578947367,0.321285140562249,0.07145409074669525,0.18779342723004694,46.5,310.25,1398.5,531.5,-0.9736842105263156,-0.995582329317269,-0.9989281886387996,-0.9976525821596244
196,2.1052631578947367,1.362862010221465,0.07145409074669525,5.47945205479452,46.5,72.375,1398.5,17.25,-0.9736842105263156,-0.9812606473594548,-0.9989281886387996,-0.9315068493150684
197,17.391304347826086,1.362862010221465,0.07145409074669525,5.47945205479452,4.75,72.375,1398.5,17.25,-0.782608695652174,-0.9812606473594548,-0.9989281886387996,-0.9315068493150684
198,17.391304347826086,0.08814455707360071,0.07145409074669525,5.47945205479452,4.75,1133.5,1398.5,17.25,-0.782608695652174,-0.998788012340238,-0.9989281886387996,-0.9315068493150684
199,0.44004400440044,0.08814455707360071,0.07145409074669525,1.509433962264151,226.25,1133.5,1398.5,65.25,-0.9944994499449946,-0.998788012340238,-0.9989281886387996,-0.981132075471698
200,0.44004400440044,0.08814455707360071,0.03913894324853229,1.509433962264151,226.25,1133.5,2554.0,65.25,-0.9944994499449946,-0.998788012340238,-0.999412915851272,-0.981132075471698
201,4.301075268817205,0.08814455707360071,0.03913894324853229,1.509433962264151,22.25,1133.5,2554.0,65.25,-0.946236559139785,-0.998788012340238,-0.999412915851272,-0.981132075471698
202,4.301075268817205,1.0582010582010581,0.03913894324853229,1.509433962264151,22.25,93.5,2554.0,65.25,-0.946236559139785,-0.9854497354497354,-0.999412915851272,-0.981132075471698
203,2.3391812865497075,6.2015503875969,0.03913894324853229,1.509433962264151,41.75,15.125,2554.0,65.25,-0.9707602339181288,-0.9147286821705428,-0.999412915851272,-0.981132075471698
204,2.3391812865497075,16.666666666666664,0.03913894324853229,1.0178117048346056,41.75,5.0,2554.0,97.25,-0.9707602339181288,-0.7708333333333334,-0.999412915851272,-0.9872773536895676
205,2.3391812865497075,16.666666666666664,0.03913894324853229,1.0178117048346056,41.75,5.0,2554.0,97.25,-0.9707602339181288,-0.7708333333333334,-0.999412915851272,-0.9872773536895676
206,2.3391812865497075,16.666666666666664,0.03913894324853229,0.33333333333333337,41.75,5.0,2554.0,299.0,-0.9707602339181288,-0.7708333333333334,-0.999412915851272,-0.9958333333333332
207,0.1415929203539823,16.666666666666664,0.03913894324853229,0.33333333333333337,705.25,5.0,2554.0,299.0,-0.9982300884955752,-0.7708333333333334,-0.999412915851272,-0.9958333333333332
208,0.1415929203539823,16.666666666666664,0.03913894324853229,0.7920792079207921,705.25,5.0,2554.0,125.25,-0.9982300884955752,-0.7708333333333334,-0.999412915851272,-0.99009900990099
209,0.306044376434583,16.666666666666664,0.03913894324853229,0.7920792079207921,325.75,5.0,2554.0,125.25,-0.9961744452945676,-0.7708333333333334,-0.999412915851272,-0.99009900990099
210,0.306044376434583,16.666666666666664,0.03913894324853229,0.7920792079207921,325.75,5.0,2554.0,125.25,-0.9961744452945676,-0.7708333333333334,-0.999412915851272,-0.99009900990099
211,0.306044376434583,0.04379482126238572,0.03913894324853229,17.391304347826086,325.75,2282.375,2554.0,4.75,-0.9961744452945676,-0.9993978212076424,-0.999412915851272,-0.782608695652174
212,0.306044376434583,0.04379482126238572,0.03913894324853229,0.1596169193934557,325.75,2282.375,2554.0,625.5,-0.9961744452945676,-0.9993978212076424,-0.999412915851272,-0.9980047885075818
213,0.306044376434583,0.04379482126238572,0.03913894324853229,0.1596169193934557,325.75,2282.375,2554.0,625.5,-0.9961744452945676,-0.9993978212076424,-0.999412915851272,-0.9980047885075818
214,0.306044376434583,0.04379482126238572,0.09467455621301775,0.4454342984409799,325.75,2282.375,1055.25,223.5,-0.9961744452945676,-0.9993978212076424,-0.9985798816568048,-0.9944320712694876
215,0.306044376434583,0.04379482126238572,0.09467455621301775,0.1302507326603712,325.75,2282.375,1055.25,766.75,-0.9961744452945676,-0.9993978212076424,-0.9985798816568048,-0.9983718658417452
216,36.36363636363637,0.04379482126238572,0.09467455621301775,0.22793878215564964,1.75,2282.375,1055.25,766.75,-0.5454545454545454,-0.9993978212076424,-0.9985798816568048,-0.9983718658417452
217,0.08952551477170993,1.9417475728155338,0.09467455621301775,22.58064516129032,1116.0,50.5,1055.25,3.4285714285714284,-0.9988809310653536,-0.9733009708737864,-0.9985798816568048,-0.8387096774193549
218,0.08952551477170993,1.9417475728155338,0.09467455621301775,22.58064516129032,1116.0,50.5,1055.25,3.4285714285714284,-0.9988809310653536,-0.9733009708737864,-0.9985798816568048,-0.8387096774193549
219,0.08952551477170993,1.9417475728155338,0.6896551724137931,22.58064516129032,1116.0,50.5,144.0,3.4285714285714284,-0.9988809310653536,-0.9733009708737864,-0.9896551724137932,-0.8387096774193549
220,0.08952551477170993,1.9417475728155338,0.6896551724137931,0.30932390631904555,1116.0,50.5,144.0,322.2857142857143,-0.9988809310653536,-0.9733009708737864,-0.9896551724137932,-0.9977905435262926
221,0.08952551477170993,1.9417475728155338,0.6896551724137931,0.8793969849246231,1116.0,50.5,144.0,112.71428571428572,-0.9988809310653536,-0.9733009708737864,-0.9896551724137932,-0.993718592964824
222,0.08952551477170993,1.9417475728155338,0.6896551724137931,0.8793969849246231,1116.0,50.5,144.0,112.71428571428572,-0.9988809310653536,-0.9733009708737864,-0.9896551724137932,-0.993718592964824
223,0.1780151312861593,1.9417475728155338,1.9900497512437811,0.8793969849246231,560.75,50.5,49.25,112.71428571428572,-0.9977748108589232,-0.9733009708737864,-0.9701492537313432,-0.993718592964824
224,5.633802816901409,1.9417475728155338,1.9900497512437811,0.17957927142124167,16.75,50.5,49.25,555.8571428571429,-0.9295774647887324,-0.9733009708737864,-0.9701492537313432,-0.9987172909184198
225,5.633802816901409,1.9417475728155338,1.9900497512437811,1.55902004454343,16.75,50.5,49.25,63.142857142857146,-0.9295774647887324,-0.9733009708737864,-0.9701492537313432,-0.9888641425389756
226,5.633802816901409,0.10780218299420563,1.9900497512437811,1.6867469879518073,16.75,926.625,49.25,58.285714285714285,-0.9295774647887324,-0.9985177199838297,-0.9701492537313432,-0.9879518072289156
227,16.666666666666664,3.1746031746031744,1.9900497512437811,1.9277108433734942,5.0,30.5,49.25,58.285714285714285,-0.7916666666666667,-0.9563492063492064,-0.9701492537313432,-0.9879518072289156
228,33.33333333333333,3.1746031746031744,1.9900497512437811,0.8032128514056224,2.0,30.5,49.25,123.5,-0.5833333333333334,-0.9563492063492064,-0.9701492537313432,-0.9949799196787148
229,80.0,3.1746031746031744,0.037264766163592325,1.1173184357541899,0.25,30.5,2682.5,88.5,0.0,-0.9563492063492064,-0.999441028507546,-0.9930167597765364
230,80.0,0.03216985684413705,5.333333333333334,1.639344262295082,0.25,3107.5,17.75,60.0,0.0,-0.9995576644683932,-0.92,-0.9897540983606558
231,140.0,0.03216985684413705,5.333333333333334,4.678362573099415,0.25,3107.5,17.75,20.375,0.0,-0.9995576644683932,-0.92,-0.9707602339181288
232,140.0,0.03216985684413705,5.333333333333334,4.678362573099415,0.25,3107.5,17.75,20.375,0.0,-0.9995576644683932,-0.92,-0.9707602339181288
233,140.0,0.03216985684413705,5.333333333333334,4.678362573099415,0.25,3107.5,17.75,20.375,0.0,-0.9995576644683932,-0.92,-0.9707602339181288
234,140.0,0.03216985684413705,12.121212121212121,4.678362573099415,0.25,3107.5,7.25,20.375,0.0,-0.9995576644683932,-0.8181818181818181,-0.9707602339181288
235,140.0,0.03216985684413705,0.48661800486618007,4.678362573099415,0.25,3107.5,204.5,20.375,0.0,-0.9995576644683932,-0.9927007299270074,-0.9707602339181288
236,0.05222321695016413,0.03216985684413705,13.793103448275861,0.7952286282306162,1913.857142857143,3107.5,6.25,124.75,-0.9996269770217846,-0.9995576644683932,-0.7931034482758621,-0.9950298210735588
237,9.090909090909092,0.03216985684413705,13.793103448275861,3.389830508474576,10.0,3107.5,6.25,28.5,-0.935064935064935,-0.9995576644683932,-0.7931034482758621,-0.978813559322034
238,9.090909090909092,0.03216985684413705,0.06034092623321768,3.389830508474576,10.0,3107.5,1656.25,28.5,-0.935064935064935,-0.9995576644683932,-0.9990948861065015,-0.978813559322034
239,38.88888888888889,0.03216985684413705,0.06034092623321768,0.03375812304835851,1.5714285714285714,3107.5,1656.25,2961.25,-0.7222222222222222,-0.9995576644683932,-0.9990948861065015,-0.9997890117309478
240,38.88888888888889,0.03216985684413705,0.09163802978235967,0.03905296558457408,1.5714285714285714,3107.5,1090.25,2559.625,-0.7222222222222222,-0.9995576644683932,-0.9986254295532646,-0.9997559189650964
241,38.88888888888889,0.03216985684413705,0.09163802978235967,3.9800995024875623,1.5714285714285714,3107.5,1090.25,24.125,-0.7222222222222222,-0.9995576644683932,-0.9986254295532646,-0.9751243781094526
242,38.88888888888889,0.03216985684413705,0.09163802978235967,3.9800995024875623,1.5714285714285714,3107.5,1090.25,24.125,-0.7222222222222222,-0.9995576644683932,-0.9986254295532646,-0.9751243781094526
243,38.88888888888889,0.03216985684413705,0.02279202279202279,0.1586042823156225,1.5714285714285714,3107.5,4386.5,629.5,-0.7222222222222222,-0.9995576644683932,-0.9996581196581196,-0.9990087232355274
244,38.88888888888889,0.03139717425431711,0.0616617851086789,10.95890410958904,1.5714285714285714,3184.0,1620.75,8.125,-0.7222222222222222,-0.9995682888540032,-0.9990750732233696,-0.9315068493150684
